Wall time,Step,Value
1666034525.1374574,244,20.0
1666034598.317616,465,22.0
1666034661.618634,658,146.0
1666034810.2012928,1132,113.0
1666035069.9425905,1940,22.0
1666035076.1303415,1960,22.0
1666035320.4616907,2693,22.0
1666035327.0357716,2717,20.0
1666035502.4069455,3265,22.0
1666035774.2055447,4121,68.0
1666035790.8211246,4181,22.0
1666036134.3434231,5262,70.0
1666036142.3398225,5295,22.0
1666036161.5006244,5362,22.0
1666036194.5502825,5454,48.0
1666036307.229002,5832,22.0
1666036317.7223818,5866,22.0
1666036351.3377035,5981,22.0
1666036356.2590518,5997,71.0
1666036372.6321912,6053,50.0
1666036444.9234576,6279,20.0
1666036461.2141287,6334,22.0
1666036586.5064108,6730,22.0
1666036622.228507,6850,22.0
1666036666.7148983,6991,118.0
1666036812.5019448,7436,22.0
1666036826.0994263,7464,71.0
1666036903.951378,7644,48.0
1666036937.8455496,7730,49.0
1666037134.6549504,8291,22.0
1666037223.2294815,8548,22.0
1666037225.725892,8554,97.0
1666037269.0280652,8694,20.0
1666037287.3132186,8752,22.0
1666037423.8015487,9152,22.0
1666037457.83409,9252,22.0
1666037468.540855,9291,22.0
1666037480.3481848,9327,50.0
1666037600.9169586,9712,22.0
1666037613.0077147,9753,20.0
1666037642.1309316,9837,68.0
1666037658.6228244,9894,22.0
1666037667.254321,9917,49.0
1666037677.958012,9949,118.0
1666037687.3269691,9979,22.0
1666037717.8977787,10063,22.0
1666037734.30431,10121,22.0
1666037757.9320903,10191,22.0
1666037832.9575403,10445,70.0
1666037851.5169518,10518,20.0
1666037887.738954,10645,22.0
1666038015.9161372,11023,49.0
1666038053.199535,11118,22.0
1666038275.1660764,11819,97.0
1666038289.0099833,11867,22.0
1666038338.291894,12027,22.0
1666038352.5309103,12076,50.0
1666038437.1409209,12354,22.0
1666038472.0523908,12476,22.0
1666038606.8069828,12905,20.0
1666038737.9136624,13304,22.0
1666038760.7419288,13388,22.0
1666038802.4630277,13522,22.0
1666038843.050685,13642,20.0
1666038893.878024,13802,22.0
1666038907.549458,13849,20.0
1666038955.0362961,13971,22.0
1666039193.646042,14645,22.0
1666039260.6673396,14851,22.0
1666039327.7291808,15065,22.0
1666039435.026143,15371,22.0
1666039520.8622074,15610,22.0
1666039753.540285,16241,68.0
1666039966.4709911,16866,22.0
1666039972.0719879,16883,71.0
1666039979.132778,16907,52.0
1666039993.1506944,16947,22.0
1666040412.3613548,18121,22.0
1666040414.6160762,18129,20.0
1666040416.7978954,18137,22.0
1666040545.692186,18481,68.0
1666040642.3335967,18759,22.0
1666040644.4510865,18765,22.0
1666040656.1039994,18795,20.0
1666040795.403262,19209,22.0
1666040829.8341358,19319,22.0
1666040849.5965254,19377,22.0
1666040890.3019824,19501,97.0
1666040908.5690084,19546,22.0
1666040932.5075607,19617,48.0
1666041291.2189226,20618,22.0
1666041301.3592057,20646,22.0
1666041372.9138114,20841,22.0
1666041416.0105598,20968,20.0
1666041439.4239752,21036,22.0
1666041517.3482842,21267,22.0
1666041817.1560578,22162,22.0
1666041993.2105155,22702,20.0
1666042252.743593,23500,71.0
1666042596.0604777,24469,22.0
1666042686.947363,24758,22.0
1666042713.2340877,24828,22.0
1666042746.6468148,24938,20.0
1666042764.3512132,24991,22.0
1666042911.4498162,25444,22.0
1666042986.7039583,25649,20.0
1666043081.8032503,25929,22.0
1666043328.4120467,26646,22.0
1666043554.512486,27308,22.0
1666043735.7498467,27833,22.0
1666043757.3960245,27894,22.0
1666043798.1242092,28006,97.0
1666043831.435874,28102,22.0
1666044078.7012942,28794,22.0
1666044258.8006175,29310,22.0
1666044328.5391526,29490,22.0
1666044354.3578157,29565,22.0
1666044379.7141547,29636,50.0
1666044396.8375337,29677,22.0
1666044460.0865061,29831,22.0
1666044539.0518603,30055,71.0
1666044548.4391992,30080,74.0
1666044626.3252702,30300,22.0
1666044858.6249404,30959,22.0
1666044860.89703,30967,22.0
1666045023.5528414,31376,97.0
1666045038.0061562,31410,73.0
1666045128.0023735,31660,50.0
1666045236.5534496,31953,22.0
1666045246.3717384,31976,22.0
1666045262.3373256,32014,73.0
1666045556.1586447,32811,22.0
1666045560.8152862,32824,22.0
1666045872.750192,33701,22.0
1666045908.2708173,33803,70.0
1666045926.5335686,33864,20.0
1666046383.144592,34951,22.0
1666046389.4065278,34967,22.0
1666046447.937653,35140,22.0
1666046477.8329449,35217,22.0
1666046568.9256165,35477,22.0
1666046594.7257981,35551,22.0
1666046652.080125,35704,22.0
1666046731.3208745,35913,70.0
1666047020.250822,36694,22.0
1666047082.8615968,36891,50.0
1666047119.6046302,36996,22.0
1666047146.8147688,37065,22.0
1666047187.9206202,37182,22.0
1666047378.4031324,37674,22.0
1666047403.6965244,37749,22.0
1666047651.1252122,38386,22.0
1666047651.340457,38387,22.0
1666047658.5148351,38408,71.0
1666047819.6665137,38805,22.0
1666047831.652429,38839,73.0
1666047906.5514116,39025,22.0
1666048117.9972517,39588,22.0
1666048172.9591253,39712,22.0
1666048333.7286425,40110,43.0
1666048373.2308803,40236,22.0
1666048379.244023,40249,22.0
1666048406.7442098,40332,22.0
1666048436.8543744,40416,22.0
1666048480.210864,40540,53.0
1666048507.052122,40617,50.0
1666048625.6584966,40942,22.0
1666048779.1483498,41374,22.0
1666048813.0371773,41473,52.0
1666048999.001619,41968,22.0
1666049014.102501,42012,20.0
1666049058.0653844,42131,22.0
1666049188.7480984,42461,22.0
1666049219.3130708,42535,22.0
1666049338.8567593,42855,20.0
1666049445.7595575,43138,22.0
1666049479.074528,43231,50.0
1666049828.3331974,44255,22.0
1666049839.6193118,44283,70.0
1666049859.9617586,44349,54.0
1666049895.46429,44463,22.0
1666049912.5316622,44522,22.0
1666049977.9637125,44711,165.0
1666049982.426424,44724,22.0
1666049983.6574645,44730,20.0
1666049996.5989017,44761,97.0
1666050082.2037487,44976,22.0
1666050660.3385234,46492,20.0
1666050798.2361875,46890,22.0
1666050856.3573108,47063,22.0
1666050857.02378,47067,20.0
1666050861.5541046,47083,22.0
1666050895.6723857,47178,22.0
1666050943.2223945,47304,97.0
1666051057.0461595,47625,22.0
1666051192.2290194,47999,22.0
1666051259.6492298,48189,22.0
1666051280.451738,48247,22.0
1666051383.2574127,48510,22.0
1666051459.3540125,48717,22.0
1666051622.7003617,49165,22.0
1666051675.5484254,49314,22.0
1666051733.9014692,49483,22.0
1666051820.6647172,49752,22.0
1666052007.3274167,50261,22.0
1666052150.915734,50639,73.0
1666052175.042721,50697,22.0
1666052577.4093494,51797,22.0
1666052629.9023705,51936,97.0
1666052642.9400992,51971,22.0
1666052658.1343484,52013,70.0
1666052743.4596956,52229,71.0
1666052754.319701,52263,95.0
1666052793.0012503,52352,22.0
1666052796.131431,52364,22.0
1666052807.029417,52399,20.0
1666053015.7532399,52967,22.0
1666053066.022776,53082,22.0
1666053285.1277506,53623,22.0
1666053450.4456968,54041,22.0
1666053623.3364851,54458,22.0
1666053674.0533874,54592,70.0
1666053743.4185019,54766,22.0
1666053861.6977656,55079,22.0
1666053888.8467655,55148,95.0
1666053975.727175,55367,20.0
1666054018.6325376,55499,22.0
1666054058.298358,55586,22.0
1666054073.1089861,55629,73.0
1666054105.101471,55718,22.0
1666054228.647963,55982,20.0
1666054411.2608292,56481,22.0
1666054571.8408,56932,22.0
1666054578.5568817,56959,22.0
1666054760.8203907,57451,22.0
1666054963.2298288,57944,20.0
1666055061.6526058,58170,74.0
1666055164.9596815,58405,22.0
1666055259.176638,58615,20.0
1666055280.7982938,58655,22.0
1666055382.8418832,58865,22.0
1666055466.8341823,59057,50.0
1666055703.0562823,59553,70.0
1666055899.6150627,60001,97.0
1666056052.7076771,60280,22.0
1666056127.5296721,60431,97.0
1666056388.951175,60958,22.0
1666056585.9952753,61398,22.0
1666056751.442041,61742,22.0
1666056824.8357546,61904,22.0
1666056854.7124562,61990,22.0
1666056885.0597017,62052,70.0
1666057035.825443,62344,73.0
1666057056.6608768,62386,22.0
1666057596.451029,63568,22.0
1666057616.9112625,63622,22.0
1666057720.0169106,63905,22.0
1666057794.8185737,64091,50.0
1666058123.6416667,64894,22.0
1666058138.115886,64928,53.0
1666058348.1123924,65417,22.0
1666058358.141182,65445,54.0
1666058478.5001724,65722,20.0
1666058525.002348,65841,50.0
1666058534.7427394,65858,53.0
1666058572.0774424,65933,70.0
1666058583.271151,65956,165.0
1666058707.8109345,66230,71.0
1666058729.9214718,66292,22.0
1666058885.9943588,66652,70.0
1666058895.7119296,66664,73.0
1666058902.550615,66680,43.0
1666058932.0071015,66742,70.0
1666059188.2144396,67281,22.0
1666059315.695794,67511,22.0
1666059480.9454021,67834,122.0
1666059501.3730092,67898,22.0
1666059551.9483855,67994,53.0
1666059644.2339478,68188,74.0
1666059770.0580924,68438,22.0
1666059864.910556,68587,22.0
1666059876.362793,68619,22.0
1666059968.862138,68826,22.0
1666060077.5367079,69066,22.0
1666060262.918941,69460,22.0
1666060292.939573,69529,22.0
1666060337.6199825,69640,74.0
1666060591.4507847,70195,22.0
1666060661.854478,70360,22.0
1666060762.1503325,70588,71.0
1666060896.5495243,70875,22.0
1666060996.5574431,71081,50.0
1666061027.2327662,71159,22.0
1666061048.876345,71206,50.0
1666061075.799676,71256,97.0
1666061271.656941,71694,22.0
1666061579.9470425,72289,22.0
1666061729.2095108,72550,50.0
1666062099.8451266,73204,22.0
1666062246.715266,73453,22.0
1666062515.9135635,73922,50.0
1666062684.7400858,74192,52.0
1666063027.45339,74756,50.0
1666063204.594766,75005,78.0
1666063276.0390143,75110,73.0
1666063298.8051386,75146,50.0
1666063333.96542,75205,43.0
1666063511.3072765,75442,70.0
1666063552.1499064,75497,155.0
1666063600.0015864,75565,43.0
1666064069.7134044,76219,72.0
1666064623.4385405,77012,52.0
1666065018.702622,77609,116.0
1666065222.7228286,77950,53.0
1666065323.107519,78089,120.0
1666065405.6474638,78229,170.0
1666065522.660728,78423,53.0
1666065531.5543017,78435,101.0
1666065935.1045825,79060,73.0
1666066026.956841,79178,70.0
1666066058.8445072,79230,43.0
1666066268.910968,79554,73.0
1666066484.9945107,79865,74.0
1666066878.1214988,80473,95.0
1666066891.4342694,80493,52.0
1666067681.4686127,81615,78.0
1666067762.922296,81721,50.0
1666068306.7324216,82482,70.0
1666068765.9268136,83176,50.0
1666068868.5193086,83324,71.0
1666069240.0989475,83795,80.0
1666069329.8785436,83904,121.0
1666069607.7468116,84281,102.0
1666069992.9676228,84858,83.0
1666070559.937973,85605,78.0
1666070674.6965322,85784,100.0
1666071032.2442737,86222,52.0
1666071184.841365,86402,84.0
1666071200.1276333,86421,83.0
1666071381.7484076,86658,197.0
1666071571.9118762,86894,22.0
1666071607.715268,86939,121.0
1666071824.6005883,87321,50.0
1666072097.2279055,87688,71.0
1666072179.6148877,87794,134.0
1666072265.9197478,87909,189.0
1666072499.9632082,88224,86.0
1666072747.5067565,88557,50.0
1666072965.3695302,88832,52.0
1666073693.4071672,89753,118.0
1666073936.6349251,90044,22.0
1666074019.115703,90141,50.0
1666074038.1130562,90172,48.0
1666074546.3094988,90806,130.0
1666074560.4073834,90822,82.0
1666074619.9561267,90900,91.0
1666074988.8432767,91420,22.0
1666075226.9533293,91737,71.0
1666075312.2033844,91850,174.0
1666075641.5506175,92253,71.0
1666075650.13602,92266,22.0
1666076031.5086367,92751,69.0
1666076865.960968,93759,52.0
1666076872.2743456,93767,52.0
1666077089.3645372,94005,43.0
1666077096.8570943,94013,50.0
1666077240.2564535,94165,71.0
1666077521.3596067,94471,130.0
1666077903.1343148,94873,102.0
1666078114.2105932,95084,68.0
1666078274.2023103,95237,50.0
1666078827.3360448,95778,172.0
1666081653.815949,98645,78.0
1666082020.8089435,99068,131.0
1666082304.6965055,99341,68.0
1666082383.0410087,99420,52.0
1666083338.9967275,100240,45.0
1666083482.6522784,100359,201.0
1666083850.763743,100658,193.0
1666084036.1523046,100796,199.0
1666084226.8749943,100934,170.0
1666084440.9305272,101100,43.0
1666084534.5529552,101175,197.0
1666084719.5300298,101315,45.0
1666084975.7169962,101501,186.0
1666085851.81743,102161,148.0
1666085858.6544802,102166,97.0
1666085951.4351017,102247,377.0
1666086281.1041033,102509,70.0
1666086682.4287283,102806,168.0
1666087293.2371647,103236,198.0
1666087682.9354727,103508,49.0
1666088268.8173923,103917,148.0
1666088815.2339191,104340,43.0
1666088821.5261827,104347,51.0
1666088913.5479147,104413,71.0
1666088988.0565915,104462,178.0
1666089857.7166188,105077,83.0
1666090185.2277062,105298,85.0
1666090490.3665206,105524,83.0
1666090625.916591,105613,164.0
1666090777.216342,105722,133.0
1666090878.7375002,105798,102.0
1666091651.4029005,106341,176.0
1666091682.033378,106363,172.0
1666091857.7175758,106481,82.0
1666092476.5178256,106901,153.0
1666092569.5455563,106967,51.0
1666092810.7855928,107116,130.0
1666093107.8318636,107292,460.0
1666093644.155309,107625,83.0
1666093857.2005885,107782,49.0
1666093955.0265393,107868,49.0
1666094059.5000918,107952,86.0
1666095947.5994127,109140,136.0
1666096066.1291046,109204,105.0
1666096555.2466536,109499,59.0
1666097220.5063045,109914,132.0
1666097428.8545237,110026,97.0
1666097472.4621282,110048,83.0
1666098260.8344417,110500,58.0
1666099162.025611,111013,172.0
1666099584.6335235,111265,113.0
1666099671.236193,111313,51.0
1666099715.823845,111343,54.0
1666100860.003451,111963,107.0
1666101739.237296,112423,598.0
1666101787.9147093,112448,52.0
1666101934.4914382,112532,154.0
1666102197.429892,112654,459.0
1666105587.9675174,114204,154.0
1666105949.499792,114363,617.0
1666105969.464386,114373,140.0
1666106916.143186,114769,190.0
1666107071.937497,114839,271.0
1666108225.7228994,115358,221.0
1666108233.349222,115362,231.0
1666108382.0418353,115427,83.0
1666108858.708199,115634,22.0
1666108929.4685032,115662,85.0
1666110092.963416,116158,170.0
1666110095.1761773,116159,232.0
1666110327.9344332,116254,525.0
1666111149.2018478,116594,43.0
1666111156.7231889,116598,429.0
1666113884.7057621,117764,74.0
1666115868.9772081,118575,77.0
1666116077.9356625,118652,173.0
1666117005.2358134,119025,318.0
1666117451.3351283,119203,87.0
1666118134.723791,119508,524.0
1666120121.847979,120278,633.0
1666120275.2428493,120345,60.0
1666120702.1053863,120512,754.0
1666121922.7620587,120994,48.0
1666123445.1585567,121571,464.0
1666125848.8537555,122463,70.0
1666126199.357285,122591,163.0
1666126339.4289286,122646,114.0
1666127018.708282,122905,43.0
1666128035.1324563,123282,228.0
1666128473.6306758,123454,212.0
1666129766.7225866,123974,228.0
1666130292.7001126,124180,77.0
1666131465.8341131,124600,192.0
1666132698.6648374,125084,43.0
1666132775.934786,125110,70.0
1666133783.053646,125464,78.0
1666134679.262811,125793,555.0
1666135338.2448802,126027,692.0
1666135670.7095912,126139,236.0
1666137657.8607628,126859,186.0
1666139785.8783693,127611,691.0
1666142169.7069643,128450,44.0
1666142734.2128284,128664,109.0
1666142867.911334,128712,93.0
1666143465.511606,128922,149.0
1666144477.553029,129285,243.0
1666144528.6784453,129305,76.0
1666144584.814542,129330,135.0
1666145093.4227803,129521,22.0
1666145469.9245393,129654,197.0
1666147242.6594872,130302,1010.0
1666149282.041936,131002,300.0
1666149831.2082753,131209,219.0
1666152165.0647728,132004,255.0
1666154057.356496,132653,206.0
1666154982.862393,132971,199.0
1666155598.7539623,133179,92.0
1666160392.747821,134796,200.0
1666160845.4992096,134950,101.0
1666161026.0086145,135005,299.0
1666161128.452574,135038,212.0
1666161314.3191807,135102,884.0
1666161473.8654766,135156,537.0
1666161513.4775898,135169,140.0
1666162140.3152988,135383,478.0
1666165573.856649,136542,161.0
1666166854.3264697,136980,626.0
1666167108.907263,137065,180.0
1666168225.8227253,137447,287.0
1666169658.0424795,137909,163.0
1666169858.3469164,137973,552.0
1666170134.5259047,138075,131.0
1666170294.5447338,138129,106.0
1666170357.8801591,138149,71.0
1666170530.8383613,138209,130.0
1666175450.8314714,139830,42.0
1666176276.3596623,140119,593.0
1666176365.5101764,140153,114.0
1666176597.6250436,140238,810.0
1666176904.861399,140342,151.0
1666176932.8127334,140352,631.0
1666177302.8715436,140475,73.0
1666177816.2451737,140644,22.0
1666179819.740206,141314,43.0
1666180173.498854,141426,50.0
1666180343.0232778,141480,115.0
1666180799.2062187,141644,820.0
1666181051.2327466,141738,204.0
1666183266.0725427,142457,243.0
1666183408.2561584,142503,203.0
1666185731.0103986,143330,187.0
1666186162.9589267,143471,177.0
1666187382.3352897,143889,94.0
1666189533.5371122,144562,266.0
1666190093.601256,144756,659.0
1666190094.2074592,144757,50.0
1666190200.1048803,144789,208.0
1666193233.6483896,145774,649.0
1666193566.3234558,145880,250.0
1666193950.3035636,146000,180.0
1666194763.6536722,146272,327.0
1666196419.2033496,146834,289.0
1666196552.2491832,146877,329.0
1666202333.3662493,148802,222.0
1666203308.000468,149113,553.0
1666203423.2041838,149149,176.0
1666205706.7379203,149924,93.0
1666208641.4015818,150913,528.0
1666208859.748301,150986,150.0
1666209116.4399993,151074,76.0
1666209124.2116003,151077,651.0
1666209754.3228817,151272,587.0
1666210394.9443727,151490,42.0
1666212639.6089923,152192,253.0
1666212986.5342965,152310,228.0
1666214319.6626987,152764,151.0
1666214804.8540757,152938,22.0
1666215195.9183404,153066,50.0
1666215509.2448232,153172,585.0
1666215760.8431976,153261,443.0
1666216088.839877,153370,22.0
1666217654.9618495,153899,143.0
1666218615.9227095,154209,202.0
1666219557.375199,154525,134.0
1666220570.409752,154854,246.0
1666220866.7160013,154951,593.0
1666225024.0776043,156337,136.0
1666225954.1038373,156632,620.0
1666226305.0315485,156748,526.0
1666228559.972281,157539,46.0
1666229218.14362,157757,150.0
1666231436.6257687,158478,387.0
1666233986.537857,159308,122.0
1666234915.2463727,159603,76.0
1666235590.505741,159829,124.0
1666236002.349774,159967,626.0
1666236328.9463441,160075,120.0
1666237634.9428968,160497,606.0
1666238314.2627444,160722,149.0
1666240591.1304886,161434,206.0
1666241419.7131672,161710,95.0
1666241948.3256676,161893,80.0
1666242036.895055,161920,496.0
1666245352.809457,162974,179.0
1666245419.4994893,162995,22.0
1666247719.7198763,163776,989.0
1666249250.5700073,164272,212.0
1666249870.5096517,164462,91.0
1666250770.0168688,164756,188.0
1666251514.3529894,164988,155.0
1666252098.8438978,165177,867.0
1666252354.7651005,165254,126.0
1666253382.146591,165569,212.0
1666254237.1666448,165845,22.0
1666257231.7664876,166797,100.0
1666257703.2320638,166949,214.0
1666257749.521437,166963,78.0
1666258367.034923,167151,628.0
1666258476.150284,167190,116.0
1666258687.1719415,167256,701.0
1666259033.2059917,167382,305.0
1666260772.6262825,167959,534.0
1666262604.6559691,168553,311.0
1666262687.3143914,168584,51.0
1666262807.6306167,168626,486.0
1666263216.5467873,168751,150.0
1666264549.8624985,169199,456.0
1666264577.2144241,169208,233.0
1666266027.622528,169686,565.0
1666266874.856625,169966,50.0
1666267053.7189386,170021,629.0
1666267760.5539017,170245,122.0
1666267818.8940217,170268,304.0
1666268179.3467185,170375,140.0
1666268552.2047415,170496,273.0
1666269185.5989006,170700,69.0
1666269323.2586358,170747,180.0
1666270011.236586,170976,201.0
1666270346.5158985,171085,245.0
1666270512.4613543,171135,155.0
1666271136.228263,171342,279.0
1666272635.5382457,171847,525.0
1666273442.7514744,172104,456.0
1666274604.7524784,172490,194.0
1666274803.6021848,172556,192.0
1666276639.3066566,173138,43.0
1666276917.5118024,173233,666.0
1666278406.9082937,173694,164.0
1666278693.81517,173794,189.0
1666278955.0053725,173876,197.0
1666280147.0197606,174252,395.0
1666280317.9325411,174312,714.0
1666280678.6081283,174424,220.0
1666282230.8459308,174932,610.0
1666282529.1256452,175026,224.0
1666284862.7224398,175761,369.0
1666285408.3440814,175929,22.0
1666285488.814816,175953,261.0
1666285945.138423,176116,633.0
1666286756.8615544,176394,51.0
1666291621.0143871,177965,60.0
1666291646.9131641,177973,267.0
1666292508.3719711,178249,174.0
1666293047.1575022,178436,169.0
1666293505.7228606,178580,205.0
1666293537.5604477,178590,868.0
1666293876.4067822,178702,528.0
1666294823.7485633,179021,83.0
1666295083.4983842,179101,195.0
1666295524.2012875,179254,136.0
1666296297.2090595,179505,76.0
1666296801.4314983,179668,462.0
1666297278.9067144,179817,565.0
1666297930.0987897,180033,236.0
1666299342.4067106,180483,563.0
1666299546.1403863,180544,139.0
1666300413.3252757,180833,533.0
1666301875.3090656,181297,52.0
1666302417.6091945,181478,195.0
1666303089.4680698,181709,481.0
1666303219.6302907,181752,83.0
1666303638.54616,181893,501.0
1666304128.5170605,182069,256.0
1666308704.4397964,183545,512.0
1666308887.2970471,183606,22.0
1666309218.2000854,183724,160.0
1666311038.5486364,184298,607.0
1666313550.4193685,185124,54.0
1666314675.1958444,185500,211.0
1666315610.8319807,185804,251.0
1666315747.2786481,185847,496.0
1666316328.8925745,186066,152.0
1666316538.1370845,186139,148.0
1666318212.6350176,186668,76.0
1666318677.9226117,186819,337.0
1666319266.0579584,187011,604.0
1666319378.7423089,187051,128.0
1666319647.4634717,187135,226.0
1666320598.3666065,187430,136.0
1666323910.1127563,188491,637.0
1666325057.3048747,188881,68.0
1666325283.2491088,188958,154.0
1666327130.2066152,189565,616.0
1666327292.9368696,189619,396.0
1666328716.630243,190085,204.0
1666329281.219143,190270,282.0
1666329801.369721,190434,186.0
1666330717.560979,190760,431.0
1666331297.4976435,190944,43.0
1666332757.143909,191415,425.0
1666332857.5551517,191446,372.0
1666334225.560388,191875,281.0
1666336242.5402777,192498,163.0
1666338206.8156366,193140,531.0
1666339169.959522,193440,380.0
1666339258.8565364,193468,103.0
1666339882.3670354,193667,221.0
1666339906.4067097,193674,544.0
1666341127.500509,194092,143.0
1666341538.054185,194223,321.0
1666342198.5441973,194437,843.0
1666343684.4944007,194927,355.0
1666343767.5470297,194956,813.0
1666344512.3662622,195194,498.0
1666345163.8430352,195396,435.0
1666345510.3680053,195510,85.0
1666345697.0524666,195566,118.0
1666346698.2392619,195894,295.0
1666348435.1951876,196445,720.0
1666348560.858607,196483,569.0
1666349809.011264,196889,118.0
1666350942.8120408,197256,99.0
1666353966.6674018,198247,51.0
1666354222.1424954,198338,420.0
1666354983.1976795,198602,446.0
1666357008.5674353,199252,22.0
1666357944.7431586,199567,99.0
1666357986.0706406,199579,398.0
1666358209.629928,199660,155.0
1666358248.8444088,199671,237.0
1666358460.0100477,199746,218.0
1666358638.5618927,199804,156.0
1666359588.6108615,200126,99.0
1666359694.5030956,200158,630.0
1666360014.3102221,200265,156.0
1666360858.3419383,200528,131.0
1666362641.0380461,201127,135.0
1666362970.9594853,201233,77.0
1666363219.9949305,201321,81.0
1666364986.111139,201916,494.0
1666365022.132039,201930,129.0
1666365890.437105,202220,22.0
1666367304.6588674,202688,167.0
1666369218.1124666,203346,491.0
1666372855.576944,204595,45.0
1666373221.5514252,204719,77.0
1666373305.8440878,204749,249.0
1666375849.9970508,205574,124.0
1666376030.592009,205638,129.0
1666376411.1423209,205754,174.0
1666377623.5505521,206208,147.0
1666379112.045836,206697,152.0
1666380420.7449353,207125,166.0
1666381129.909802,207369,411.0
1666381228.034977,207402,132.0
1666381296.1001587,207426,607.0
1666383916.0721729,208284,863.0
1666384619.4453382,208520,43.0
1666385614.4635866,208861,152.0
1666386234.668778,209055,87.0
1666386902.3114955,209276,22.0
1666388367.4330668,209727,653.0
1666389507.364466,210112,600.0
1666389622.0058117,210155,470.0
1666390717.237578,210517,225.0
1666391072.609848,210634,102.0
1666391294.968599,210707,246.0
1666391726.898142,210862,188.0
1666392523.401891,211124,170.0
1666392601.4544313,211155,271.0
1666393475.8105283,211439,351.0
1666395226.4367583,212001,151.0
1666396006.8528197,212252,178.0
1666396788.4125764,212513,22.0
1666396801.3751972,212518,189.0
1666396858.9614081,212535,45.0
1666397012.2679894,212589,183.0
1666397998.6608198,212904,303.0
1666398695.354531,213125,302.0
1666399727.1086113,213463,224.0
1666399900.648913,213514,22.0
1666400004.640631,213545,73.0
1666400249.9672067,213619,246.0
1666400557.2006338,213713,176.0
1666400873.6019745,213819,187.0
1666402178.6273417,214262,544.0
1666402353.3365448,214319,237.0
1666402871.861793,214486,870.0
1666403338.6565402,214632,20.0
1666404375.856256,214968,230.0
1666404655.3037443,215059,281.0
1666404754.646921,215094,901.0
1666404889.0433323,215139,52.0
1666407940.3369367,216138,22.0
1666410866.7395737,217117,83.0
1666411199.7386262,217216,614.0
1666411264.8512683,217240,226.0
1666411395.5777242,217284,99.0
1666411587.94702,217348,173.0
1666411846.8576775,217440,76.0
1666412180.458769,217545,52.0
1666412625.5162482,217691,458.0
1666412855.714536,217766,451.0
1666414620.263011,218349,482.0
1666415950.25079,218772,611.0
1666416008.1123335,218792,578.0
1666416370.8375037,218905,159.0
1666417817.6010733,219379,196.0
1666417873.4594114,219392,819.0
1666418174.096894,219491,292.0
1666418493.4507275,219595,246.0
1666418936.0108511,219737,664.0
1666419504.747281,219930,365.0
1666419678.944145,219984,633.0
1666419696.9009125,219989,114.0
1666420113.7246509,220123,251.0
1666421261.01044,220488,189.0
1666421461.8032856,220559,196.0
1666425076.2085083,221723,382.0
1666425381.558269,221824,43.0
1666426225.8637831,222103,351.0
1666426786.6370528,222291,22.0
1666427175.5067756,222418,22.0
1666427226.813165,222434,921.0
1666427667.0033495,222571,485.0
1666428649.0549812,222903,543.0
1666428971.9454484,223014,152.0
1666429491.19518,223193,117.0
1666431314.247805,223770,43.0
1666432382.0646422,224118,445.0
1666432820.7962387,224275,222.0
1666433886.8990815,224630,63.0
1666434048.4598033,224678,275.0
1666434230.6082902,224737,197.0
1666434741.464999,224904,185.0
1666434838.8293178,224941,220.0
1666435096.950001,225034,211.0
1666437488.5685663,225827,122.0
1666437540.4795148,225843,493.0
1666437828.2079828,225943,157.0
1666440247.1466382,226756,540.0
1666440745.8491745,226928,253.0
1666441060.7595751,227033,53.0
1666441444.5387914,227149,347.0
1666442258.239277,227412,444.0
1666442407.9098697,227465,59.0
1666443028.16966,227677,309.0
1666443730.2317111,227909,43.0
1666444723.0127106,228242,323.0
1666445037.1282618,228344,206.0
1666445360.0324757,228437,462.0
1666446677.4267569,228860,231.0
1666447645.224155,229184,22.0
1666447915.0611086,229270,81.0
1666449735.9505367,229856,239.0
1666450206.0691931,230009,232.0
1666450292.4021943,230038,105.0
1666451532.1073022,230450,61.0
1666452031.736106,230617,126.0
1666452195.9462335,230666,273.0
1666454166.7094643,231297,133.0
1666454341.4594266,231354,60.0
1666454789.6193528,231494,75.0
1666455339.245644,231678,280.0
1666456475.3266757,232027,525.0
1666457216.1178508,232280,243.0
1666458938.0692217,232849,823.0
1666459874.0789504,233158,642.0
1666460013.1319737,233199,239.0
1666461609.6754177,233747,22.0
1666461828.0996628,233818,132.0
1666462479.5119462,234040,214.0
1666463618.5270023,234419,486.0
1666465069.2240126,234907,217.0
1666465129.4326134,234928,300.0
1666465340.5035677,234992,220.0
1666465370.1998231,235002,182.0
1666466804.6330645,235490,96.0
1666467573.7446063,235735,177.0
1666467755.768891,235793,267.0
1666467841.3291695,235826,625.0
1666468067.5507798,235906,83.0
1666468773.023385,236108,88.0
1666469270.6086018,236268,264.0
1666470705.8625739,236758,305.0
1666470949.6613448,236842,478.0
1666471015.6289241,236867,454.0
1666473013.0541945,237514,147.0
1666473779.7671132,237749,43.0
1666474005.0618572,237824,338.0
1666474850.256514,238112,311.0
1666475400.3224895,238303,164.0
1666475470.769337,238322,758.0
1666475533.0282772,238342,853.0
1666475834.6134744,238439,137.0
1666476627.736505,238684,145.0
1666476752.7585347,238724,164.0
1666477573.7475708,238980,105.0
1666480889.9524155,240063,194.0
1666481564.7988067,240282,580.0
1666481895.147399,240395,321.0
1666482413.8026848,240569,239.0
1666483155.7597158,240816,192.0
1666484218.9535265,241146,296.0
1666484491.3636463,241233,256.0
1666484996.542491,241406,50.0
1666486497.2288764,241898,612.0
1666486650.5038302,241942,81.0
1666487083.8623185,242076,345.0
1666488019.8207514,242376,22.0
1666489528.5479498,242857,899.0
1666489996.519612,243000,228.0
1666490269.0518258,243081,273.0
1666490692.5089858,243205,146.0
1666490783.2276387,243240,91.0
1666492053.432314,243660,52.0
1666493134.7424214,243997,336.0
1666494352.0173,244402,177.0
1666494514.504424,244455,88.0
1666494729.3465009,244523,52.0
1666494939.7016022,244589,300.0
1666495148.0415652,244661,393.0
1666495303.711377,244719,44.0
1666495799.736748,244887,536.0
1666496795.1422231,245216,186.0
1666496812.3420658,245221,485.0
1666497345.1620717,245399,548.0
1666497700.6334052,245512,85.0
1666497709.4401264,245517,173.0
1666498847.0029886,245882,50.0
1666500024.4131093,246277,497.0
1666500266.8294728,246356,128.0
1666501941.951295,246917,522.0
1666502621.7166247,247149,83.0
1666502854.8738556,247239,142.0
1666503120.8967493,247330,74.0
1666504019.2304075,247649,22.0
1666504639.5350087,247855,43.0
1666505719.0262384,248238,188.0
1666507115.6429446,248709,70.0
1666507479.8633437,248826,22.0
1666507802.156284,248930,132.0
1666507910.7868278,248962,189.0
1666508877.905644,249278,251.0
1666509343.9202302,249432,92.0
1666510018.7032733,249660,129.0
1666511457.6390424,250113,51.0
1666511740.9603307,250207,212.0
1666511789.1361597,250224,452.0
1666512005.3536525,250293,49.0
1666513736.1549718,250844,478.0
1666514639.4201412,251132,112.0
1666516404.2438285,251729,195.0
1666516521.913443,251771,175.0
1666517302.6040723,252035,74.0
1666518731.7947001,252498,22.0
1666519416.825042,252720,307.0
1666519514.0438282,252760,157.0
1666519829.1049075,252861,725.0
1666523158.338468,253966,150.0
1666525331.554714,254676,471.0
1666525492.9988623,254728,246.0
1666525715.5364308,254804,74.0
1666527003.5529463,255202,154.0
1666528272.1016307,255619,233.0
1666528726.2340448,255754,78.0
1666530424.3192446,256322,265.0
1666530655.8306165,256399,108.0
1666531800.000409,256782,20.0
1666532126.2562196,256888,306.0
1666532315.751335,256955,44.0
1666533569.0384498,257375,88.0
1666533952.1632788,257507,211.0
1666534012.800325,257529,344.0
1666534471.8569143,257678,331.0
1666535067.4291286,257873,450.0
1666536157.2139554,258233,145.0
1666536533.150141,258361,199.0
1666538588.56187,259087,456.0
1666540281.856721,259650,22.0
1666540846.3456771,259831,169.0
1666541876.812652,260155,122.0
1666542587.021837,260400,57.0
1666542619.7142506,260413,553.0
1666543706.204359,260776,677.0
1666544322.8038352,260974,239.0
1666544684.7137074,261101,617.0
1666547770.4176137,262124,78.0
1666548403.5742757,262322,181.0
1666548409.431777,262325,193.0
1666548730.4156907,262422,441.0
1666548817.2550404,262451,307.0
1666548990.5776603,262504,72.0
1666549250.6954432,262594,277.0
1666550247.5153868,262932,310.0
1666550720.0135875,263088,57.0
1666550934.5100958,263165,375.0
1666552122.0716646,263574,51.0
1666552479.7313187,263700,229.0
1666552590.0341766,263734,734.0
1666553821.376939,264148,744.0
1666553848.856816,264155,298.0
1666554726.264133,264444,110.0
1666555342.1296573,264646,460.0
1666556535.557837,265062,314.0
1666556847.2422516,265161,212.0
1666556912.4644558,265184,318.0
1666559728.0958734,266155,89.0
1666560505.5118365,266405,639.0
1666561699.5774405,266773,152.0
1666562258.8045967,266959,131.0
1666562624.0628884,267073,246.0
1666563144.903752,267235,114.0
1666563258.2030833,267269,177.0
1666566240.1403663,268220,77.0
1666566522.2174528,268314,78.0
1666566584.6948347,268337,223.0
1666567272.7296407,268570,884.0
